Title,Description,Thumbnail url,Channel name,Views,Likes,Comments,Duration in seconds,Duration,Uploaded Time,Video url
UNAVAILABLE,Provided to YouTube by Columbia

UNAVAILABLE · Davido · Musa Keys

Timeless

℗ 2023 Davido Music Worldwide Limited under exclusive licence to Sony Music Entertainment UK Limited

Released on: 2023-03-30

Associated Performer: Davido feat. Musa Keys
Engineer, Mastering Engineer, Mixing Engineer, Producer: Magicsticks
Composer, Lyricist: Peruzzi
Producer: Rage
Composer, Lyricist: Logos

Auto-generated by YouTube.,https://i.ytimg.com/vi/4UFiBRHtxyQ/maxresdefault.jpg,Davido - Topic,19173215,142755,394,170,2 Minutes, 50 Seconds,2023-03-30T23:01:00,https://www.youtube.com/watch?v=4UFiBRHtxyQ
Rush,Provided to YouTube by PLATOON LTD

Rush · Ayra Starr

19 & Dangerous

℗ 2023 Mavin Global Holdings

Released on: 2022-10-21

Producer: Andre Vibez
Producer: Hoops
Music  Publisher: Warner-Chappell Music Publishing
Composer  Lyricist: Prince Omoferi
Composer  Lyricist: Oyinkansola Sarah Aderibigbe

Auto-generated by YouTube.,https://i.ytimg.com/vi/-Xd1VSwCi2o/maxresdefault.jpg,Ayra Starr - Topic,72599805,535834,1519,186,3 Minutes, 6 Seconds,2022-10-17T12:10:13,https://www.youtube.com/watch?v=-Xd1VSwCi2o
FEEL,Provided to YouTube by Columbia

FEEL · Davido

Timeless

℗ 2023 Davido Music Worldwide Limited under exclusive licence to Sony Music Entertainment UK Limited

Released on: 2023-03-30

Engineer, Producer: Blaisebeatz
Composer, Lyricist: Yung Alpha
Mastering Engineer, Mixing Engineer: Leandro 'Dro' Hidalgo
Mixing Engineer: Aidan Duncan
Mixing Engineer: Charles Harris
Mixing Engineer: Zac Cantor

Auto-generated by YouTube.,https://i.ytimg.com/vi/3TR9qML2L-M/maxresdefault.jpg,Davido - Topic,9035755,48131,322,155,2 Minutes, 35 Seconds,2023-03-30T23:01:00,https://www.youtube.com/watch?v=3TR9qML2L-M
Monalisa,Provided to YouTube by The Orchard Enterprises

Monalisa · Lojay · Sarz · Lekan Osifeso Jr · Osabuohien Osaretin

LV N ATTN

℗ 2021 Metallic Music/1789

Released on: 2021-06-04

Producer: Sarz
Music  Publisher: Copyright Control

Auto-generated by YouTube.,https://i.ytimg.com/vi/loxACEBahMM/maxresdefault.jpg,Lojay - Topic,34254595,201674,396,214,3 Minutes, 34 Seconds,2021-06-03T12:02:55,https://www.youtube.com/watch?v=loxACEBahMM
Who Is Your Guy? (Remix),Provided to YouTube by Universal Music Group

Who Is Your Guy? (Remix) · Spyro · Tiwa Savage

Who Is Your Guy?

℗ 2023 NWS

Released on: 2023-03-03

Producer: Mr Soul
Composer Lyricist: Koroma Tosin Richard
Composer Lyricist: Oludipe Oluwasanmi David
Composer Lyricist: Prince Omoferi
Composer Lyricist: Tiwa Savage

Auto-generated by YouTube.,https://i.ytimg.com/vi/lp92b0APehQ/maxresdefault.jpg,Spyro - Topic,18763841,111563,625,212,3 Minutes, 32 Seconds,2023-03-15T10:01:24,https://www.youtube.com/watch?v=lp92b0APehQ
emiliana,Provided to YouTube by Warner Music Africa

emiliana · CKay

Sad Romance

℗ 2021 Warner Music South Africa Pty Ltd

Vocals: Abraham Obot
Mixing Engineer: BMH
Producer: BMH
Mixing Engineer: CKay
Producer: CKay
Vocals: CKay
Mastering Engineer: Kevin Tuffy
A& R Direction: Tim Braüner
Composer: Bolatito Obisanya
Composer, Lyricist, Writer: Chukwuka Ekweani

Auto-generated by YouTube.,https://i.ytimg.com/vi/r2htDpoRogU/maxresdefault.jpg,CKay - Topic,10754336,82010,209,167,2 Minutes, 47 Seconds,2023-01-17T16:14:05,https://www.youtube.com/watch?v=r2htDpoRogU
Last Last,Provided to YouTube by Spaceship/ Bad Habit/Atlantic Records

Last Last · Burna Boy

Love, Damini

℗ Spaceship/Bad Habit/Atlantic Records, ℗ 2022 Atlantic Recording Corporation

Background Vocals: Akerele Samson
Background Vocals: Asake
Vocals: Burna Boy
Producer, Recorded By: Chopstix
Masterer: Gerhard Westphalen
A And R Administrator: Irene Sourlis
Unknown: Jake Jones
Mixer: Jesse Ray Ernster
Background Vocals: Kwande Bawa
Producer: MDS
A& R Coordination: Matthew Baus
Assistant Mixer: Noah "MixGiant" Glassman
Producer: Off & Out
Background Vocals: Olusola Ogundipo
Assistant Mix Engineer: Paul Gutierrez
Producer: Ruuben
A& R Coordination: Spaceship Collective
Writer: Damini Ebunoluwa Ogulu
Writer: Fred Jerkins III
Writer: Harvey Mason Jr.
Writer: James Malcolm Olagundoye
Writer: Lashawn Daniels
Writer: Mikael Haataja
Writer: Robert Laukkanen
Writer: Rodney Jerkins
Writer: Samuel Haataja
Writer: Santeri Kauppinen

Auto-generated by YouTube.,https://i.ytimg.com/vi/CmThpha4Hoo/maxresdefault.jpg,Burna Boy - Topic,9691230,79513,229,173,2 Minutes, 53 Seconds,2024-05-29T21:38:55,https://www.youtube.com/watch?v=CmThpha4Hoo
No Wahala (Remix),Provided to YouTube by ONErpm

No Wahala (Remix) · 1da Banton · Kizz Daniel · Tiwa Savage · Godson Epelle · Tiwa Savage · Oluwatobiloba Daniel Anidugbe

No Wahala

℗ Squareball Ent. Limited, with exclusive license to ONErpm

Released on: 2022-03-02

Producer: Blaise Beatz
Remixer: 1da Banton

Auto-generated by YouTube.,https://i.ytimg.com/vi/nLv2FGaI9Ps/maxresdefault.jpg,1da Banton - Topic,33351184,204839,306,179,2 Minutes, 59 Seconds,2022-03-01T10:05:22,https://www.youtube.com/watch?v=nLv2FGaI9Ps
Drogba (Joanna),Provided to YouTube by IIP-DDS

Drogba (Joanna) · Afro B

Drogba (Joanna)

℗ Marathon Artists

Released on: 2018-02-16

Producer, Programmer: Gabriel Wood
Producer, Programmer: Glenard Patnelli
Producer, Programmer: Emmanuel Ezonyebuchi
A And R Manager: Kofi Kyei
Music  Publisher: Warner Chappell
Music  Publisher: Copyright Control (Gavin Douglas ᐸinfo@ultimateclientele.comᐳ)
Lyricist, Composer: Gabriel Wood
Lyricist, Composer: Glenard Patnelli
Lyricist, Composer: Emmanuel Ezonyebuchi
Lyricist, Composer: Emmanuel Ezeonyebuchi
Lyricist, Composer: Glen Patnelli
Lyricist, Composer: Ross Bayeto

Auto-generated by YouTube.,https://i.ytimg.com/vi/G5sprnNdQlU/maxresdefault.jpg,Afro B - Topic,5964085,54634,117,199,3 Minutes, 19 Seconds,2022-12-14T10:03:45,https://www.youtube.com/watch?v=G5sprnNdQlU
Sensima,Provided to YouTube by TuneCore

Sensima · Skiibii · Reekado Banks

Sensima

℗ 2018 More Grace Music

Released on: 2018-10-17

Auto-generated by YouTube.,https://i.ytimg.com/vi/e0EyGf99ViE/maxresdefault.jpg,Skiibii - Topic,17874182,105915,144,188,3 Minutes, 8 Seconds,2018-10-18T17:10:48,https://www.youtube.com/watch?v=e0EyGf99ViE
Anybody,Provided to YouTube by Spaceship/ Bad Habit/Atlantic Records

Anybody · Burna Boy

African Giant

℗ Atlantic/Bad Habit/Spaceship Records, ℗ 2019 Atlantic Recording Corporation

Assistant Engineer: Aran Knight
Vocals: Burna Boy
Engineer: Cecil Bernardy
Assistant Engineer: Harpaal Sanghera
Mixer: Jesse Ray Ernster
Assistant Engineer: Joseph Brice
Masterer: Mike Bozzi
Assistant Engineer: Nicola Pulvirenti
Producer: P2J
Programmer: P2J
Writer: Richard Isong
Writer: Damini Ogulu
Writer: Malik Venna

Auto-generated by YouTube.,https://i.ytimg.com/vi/ZqhRohbX9Ts/maxresdefault.jpg,Burna Boy - Topic,2347340,16121,38,189,3 Minutes, 9 Seconds,2024-04-30T01:02:08,https://www.youtube.com/watch?v=ZqhRohbX9Ts
soso,Provided to YouTube by KeyQaad/Sire Records

soso · Omah Lay

Boy Alone

℗ 2022 KeyQaad / Sire Records

Assistant Mastering Engineer: Demitrius Lewis II
Masterer: Nicolas de Porcel
Vocals: Omah Lay
Mixer: Preston “Prizzie” Reid
Assistant Mixer: Richard Ledesma
Producer: Tempoe
Writer: Stanley Omah Didia
Writer: Michael Alagwu

Auto-generated by YouTube.,https://i.ytimg.com/vi/4NmByrJwOTE/maxresdefault.jpg,Omah Lay - Topic,30670958,218212,383,184,3 Minutes, 4 Seconds,2022-07-14T23:04:12,https://www.youtube.com/watch?v=4NmByrJwOTE
Monalisa,Provided to YouTube by The Orchard Enterprises

Monalisa · Lojay · Sarz · Chris Brown · Lekan Osifeso Junior · Christopher Maurice Brown · Osabuohien Osaretin

Monalisa

℗ 2022 Metallic Music/1789

Released on: 2022-05-19

Producer: Osabuohien Osaretin

Auto-generated by YouTube.,https://i.ytimg.com/vi/oynhc2qzEF0/maxresdefault.jpg,Lojay - Topic,25572981,208931,377,213,3 Minutes, 33 Seconds,2022-05-19T18:01:59,https://www.youtube.com/watch?v=oynhc2qzEF0
City Boys,Provided to YouTube by Spaceship/ Bad Habit/Atlantic Records

City Boys · Burna Boy

I Told Them...

℗ 2023 Atlantic Recording Corporation

Masterer: Gerhard Westphalen
A And R Administrator: Irene Sourlis
Additional Vocals: J Hus
Legal Representative: Jeremy Kaplan
Mixer: Jesse Ray Ernster
Producer: MDS
A& R Direction: Matthew Baus Adesuyan
Recorded By: Otis Millstone
Producer: RUUBEN
Legal Representative: Wale Kalejaiye
Writer: Damini Ebunoluwa Ogulu
Writer: Santeri Kauppinen
Writer: Robert Laukkanen
Writer: Michael Abram Schultz
Writer: Keith Eric James
Writer: Jeremy Felton

Auto-generated by YouTube.,https://i.ytimg.com/vi/AUEfYlWQwxE/maxresdefault.jpg,Burna Boy - Topic,11264717,94840,241,154,2 Minutes, 34 Seconds,2023-08-24T23:04:51,https://www.youtube.com/watch?v=AUEfYlWQwxE
Essence,Provided to YouTube by Starboy/RCA Records

Essence · Wizkid · Tems

Made In Lagos

℗ 2020 Starboy Entertainment Ltd., under exclusive license to RCA Records

Released on: 2020-10-29

Associated  Performer: Wizkid feat. Tems
Composer, Lyricist: Ayodeji Ibrahim Balogun
Producer: P2J
Producer: Legendury Beatz
Composer, Lyricist: Oniko Eddie Uzezi
Mixing  Engineer: Leandro "Dro" Hidalgo
Composer, Lyricist: Richard Isong
Mastering  Engineer: Colin Leonard
Composer, Lyricist: Oniko Evawero Okiemute
Recording  Engineer: Joseph "Giggz" Njenga
Composer, Lyricist: Temilade Openiyi

Auto-generated by YouTube.,https://i.ytimg.com/vi/JL263Go9FUk/maxresdefault.jpg,Wizkid - Topic,110467759,865426,900,249,4 Minutes, 9 Seconds,2020-10-29T23:12:01,https://www.youtube.com/watch?v=JL263Go9FUk
Soweto,Provided to YouTube by Encore Recordings

Soweto · Victony · Tempoe

Outlaw

℗ 2022 Victony under exclusive license to Encore Recordings

Released on: 2022-05-06

Producer: Tempoe
Producer: GRAUX
Lyricist, Composer: Anthony Ebuka Victor
Composer  Lyricist: Michael "Tempoe" Alagwu
Composer  Lyricist: Sébastien Graux

Auto-generated by YouTube.,https://i.ytimg.com/vi/OypMMJ7BF9I/maxresdefault.jpg,Victony - Topic,8114486,58410,141,148,2 Minutes, 28 Seconds,2022-12-14T18:42:00,https://www.youtube.com/watch?v=OypMMJ7BF9I
THIS YEAR (Blessings),Provided to YouTube by The Orchard Enterprises

THIS YEAR (Blessings) · Victor Thompson · Ehis 'D' Greatest · VICTOR UFUOMA THOMPSON

THIS YEAR (Blessings)

℗ 2023 NWE Worldwide

Released on: 2023-01-04

Producer: Samuel Odey
Producer: Kevwe Okpidama
Producer: Olaleke Korede Dominion

Auto-generated by YouTube.,https://i.ytimg.com/vi/k_OjFHy53J0/maxresdefault.jpg,Victor Thompson - Topic,11603927,146861,492,127,2 Minutes, 7 Seconds,2023-01-28T02:14:48,https://www.youtube.com/watch?v=k_OjFHy53J0
Finesse,Provided to YouTube by Warner Records

Finesse · Pheelz · BNXN

Finesse

℗ 2022 DC Talent Agency LLC, under exclusive license to Warner Records Inc.

Producer: Ishola Owolabi Michael
Producer: Pheelz
Programmer: Ishola Owolabi Michael
Mixer: Pheelz
Vocals: Pheelz
Writer: BNXN
Writer: Pheelz

Auto-generated by YouTube.,https://i.ytimg.com/vi/QJHgc9qq7jw/maxresdefault.jpg,Pheelz - Topic,12711383,100700,111,156,2 Minutes, 36 Seconds,2022-03-16T03:35:12,https://www.youtube.com/watch?v=QJHgc9qq7jw
Godly,Provided to YouTube by KeyQaad/Sire Records

Godly · Omah Lay

What Have We Done

℗ 2020 KeyQaad / Sire Records

Vocals: Omah Lay
Masterer, Mixer: Swaps
Producer: Tempoe
Composer: Alagwu Michael
Composer: Stanley Omah Didia

Auto-generated by YouTube.,https://i.ytimg.com/vi/hZ4Jh7iwiG0/maxresdefault.jpg,Omah Lay - Topic,9474524,50154,65,176,2 Minutes, 56 Seconds,2020-11-19T10:04:24,https://www.youtube.com/watch?v=hZ4Jh7iwiG0
Sere,Provided to YouTube by PLATOON LTD

Sere · Spinall · Fireboy DML

Grace

℗ 2020 TheCAPMusic

Released on: 2020-12-11

Producer: Kel P
Producer: DJ Spinall
Music  Publisher: Kel P
Music  Publisher: Fireboy DML
Music  Publisher: Warner Chappell
Composer  Lyricist: DJ Spinall
Composer  Lyricist: Fireboy

Auto-generated by YouTube.,https://i.ytimg.com/vi/CH4R1dQkta8/maxresdefault.jpg,SPINALL - Topic,9792573,75851,120,186,3 Minutes, 6 Seconds,2020-12-11T08:48:05,https://www.youtube.com/watch?v=CH4R1dQkta8
Champion Sound,Provided to YouTube by Columbia

Champion Sound · Davido · Focalistic

Timeless

℗ 2021 Davido Music Worldwide Limited under exclusive licence to Sony Music Entertainment UK Limited

Released on: 2023-03-30

Associated Performer: Davido & Focalistic
Composer, Lyricist: Deinde
All Instruments, Composer, Lyricist: Focalistic
Vocal: Nomtee
Engineer, Mastering Engineer, Mixing Engineer, Producer: Caltonic SA
Engineer, Mastering Engineer, Producer: Tee Jay
Engineer, Mastering Engineer: Hercules

Auto-generated by YouTube.,https://i.ytimg.com/vi/uG6Rz62ulqQ/maxresdefault.jpg,Davido - Topic,1546946,8551,38,238,3 Minutes, 58 Seconds,2023-03-30T23:01:00,https://www.youtube.com/watch?v=uG6Rz62ulqQ
Soundgasm - Dj Boat,Provided to YouTube by Keyzit

Soundgasm - Dj Boat · Dj Boat

Afrobeats 2021

℗ 2022 LMW Entetaiments / Keyzit

Released on: 2022-05-13

Auto-generated by YouTube.,https://i.ytimg.com/vi/Uxtn0T70uOU/maxresdefault.jpg,Release - Topic,4691119,38918,0,205,3 Minutes, 25 Seconds,2022-05-17T11:05:47,https://www.youtube.com/watch?v=Uxtn0T70uOU
Socco,Provided to YouTube by Ditto Music

Socco · STARBOY

Socco

℗ STARBOY ETERTAINMENT

Released on: 2018-05-26

Auto-generated by YouTube.,https://i.ytimg.com/vi/NKgPTBxx9eE/maxresdefault.jpg,Starboy - Topic,5920458,44058,0,256,4 Minutes, 16 Seconds,2020-04-25T17:34:17,https://www.youtube.com/watch?v=NKgPTBxx9eE
No Wahala,Provided to YouTube by ONErpm

No Wahala · 1da Banton · Godson Epelle

Original Vibe Machine

℗ Squareball Ent. Limited, with exclusive license to ONErpm

Released on: 2021-07-23

Producer: Blaise Beatz

Auto-generated by YouTube.,https://i.ytimg.com/vi/ZCSkhHkgQNk/maxresdefault.jpg,1da Banton - Topic,22493178,190933,313,163,2 Minutes, 43 Seconds,2021-07-22T11:16:14,https://www.youtube.com/watch?v=ZCSkhHkgQNk
love nwantiti (ah ah ah) (feat. Joeboy & Kuami Eugene) (Remix),Provided to YouTube by Chocolate City Music

love nwantiti (ah ah ah) (feat. Joeboy & Kuami Eugene) (Remix) · CKay · Joeboy · Kuami Eugene

love nwantiti (ah ah ah) (feat. Joeboy & Kuami Eugene) (Remix)

℗ 2020 Chocolate City Music

Vocals: Joeboy
Producer: Ckay
Vocals: Kuami Eugene
Producer: Tempoe

Auto-generated by YouTube.,https://i.ytimg.com/vi/g1uXkazyKOs/maxresdefault.jpg,CKay - Topic,100251170,860587,687,189,3 Minutes, 9 Seconds,2020-02-14T11:46:12,https://www.youtube.com/watch?v=g1uXkazyKOs
KU LO SA - A COLORS SHOW,Provided to YouTube by Troniq Inc

KU LO SA - A COLORS SHOW · Oxlade

KU LO SA - A COLORS SHOW

℗ 2022 TRONIQ INC., under exclusive licence to Epic Records France

Released on: 2022-06-10

Composer: Ozedikus
Mastering  Engineer, Mixing  Engineer, Recording  Engineer: Paul Lorton

Auto-generated by YouTube.,https://i.ytimg.com/vi/un_2lw7USOA/maxresdefault.jpg,Oxlade - Topic,58069217,401904,968,148,2 Minutes, 28 Seconds,2022-06-09T10:05:27,https://www.youtube.com/watch?v=un_2lw7USOA
Mad Over You,Provided to YouTube by Measurable Accurate Digital Solutions Ltd t/as MAD Solutions

Mad Over You · Runtown

Mad Over You

℗ 2020 Ericmany , Under exclusive License to Mad Solutions

Released on: 2016-11-04

Auto-generated by YouTube.,https://i.ytimg.com/vi/SGUYRt6A3ck/maxresdefault.jpg,Runtown - Topic,20040826,125075,557,217,3 Minutes, 37 Seconds,2021-04-19T16:27:38,https://www.youtube.com/watch?v=SGUYRt6A3ck
Confession,Provided to YouTube by Amuseio AB

Confession · Babyboy AV

Confession

℗ Babyboy AV under exclusive license to Amuseio AB

Released on: 2021-10-22

Producer: Tempoe
Vocals: Victor Adindu
Composer: Victor Adindu
Lyricist: Victor Adindu
Composer: Tempoe

Auto-generated by YouTube.,https://i.ytimg.com/vi/B89vPpdcMlg/maxresdefault.jpg,Babyboy AV - Topic,5673895,37521,139,189,3 Minutes, 9 Seconds,2024-06-18T15:07:41,https://www.youtube.com/watch?v=B89vPpdcMlg
Dumebi,Provided to YouTube by Universal Music Group

Dumebi · Rema

Rema

℗ 2019 Mavin Records / Jonzing World

Released on: 2019-03-22

Producer: Ozedikus
Composer Lyricist: Divine Ikubor
Composer Lyricist: Igbinoba Osazee

Auto-generated by YouTube.,https://i.ytimg.com/vi/z9SZjbHmp10/maxresdefault.jpg,Rema - Topic,22393065,176567,245,180,3 Minutes, 0 Seconds,2019-09-12T10:07:55,https://www.youtube.com/watch?v=z9SZjbHmp10
Talibans II (Bonus Track),Provided to YouTube by Spaceship/ Bad Habit/Atlantic Records

Talibans II (Bonus Track) · Burna Boy · Byron Messia

I Told Them...

℗ Spaceship Records, Ztekk Records, Bad Habit, ℗ 2023 Simple Stupid Records, Geffen Records, Atlantic Recording Corporation

Vocals: Burna Boy
Vocals: Byron Messia
Producer: Ej Fya
Masterer: Gerhard Westphalen
A And R Administrator: Irene Sourlis
Legal Representative: Jeremy Kaplan
Mixer: Jesse Ray Ernster
A& R Direction: Matthew Baus Adesuyan
Recorded By: Otis Millstone
Producer: Spaceship Billy
Legal Representative: Wale Kalejaiye
Producer: Ztekk Records
Writer: Dylan Byron
Writer: Onugba Enojo Paul
Writer: Damini Ebunoluwa Ogulu

Auto-generated by YouTube.,https://i.ytimg.com/vi/yXaLN-JZsmo/maxresdefault.jpg,Burna Boy - Topic,5203850,39549,74,177,2 Minutes, 57 Seconds,2023-08-24T23:01:24,https://www.youtube.com/watch?v=yXaLN-JZsmo
People,Provided to YouTube by 5K Records Limited

People · Libianca

People

℗ 2022 under exclusive licence to 5K Records Limited / Sony Music Entertainment UK Limited

Released on: 2022-12-06

Composer, Lyricist: Libianca Kenzonkinboum Fonji
Vocal: Morten Lava
Vocal: Firefly
Composer, Lyricist: Orhue Moses Odia
Producer: Mage the Producer
Unknown, Mixing  Engineer: JAE5
Engineer: M3tro
Mastering  Engineer: Joe Jones

Auto-generated by YouTube.,https://i.ytimg.com/vi/4AK30HvoIRk/maxresdefault.jpg,Libianca - Topic,104155864,973996,1428,185,3 Minutes, 5 Seconds,2022-12-06T18:34:29,https://www.youtube.com/watch?v=4AK30HvoIRk
Mnike,Provided to YouTube by New Money Gang Records

Mnike · Tyler ICU · Tumelo.za · DJ Maphorisa · Nandipha808 · Ceeka RSA · Tyron Dee

Mnike

℗ 2023 South Africa - Sony Music Entertainment Africa (Pty) Ltd, under exclusive licence from New Money Gang Records

Released on: 2023-04-28

Associated  Performer: Tyler ICU x Tumelo_ZA feat. Dj Maphorisa, Nandipha808, Ceeka RSA & Tyron Dee
Composer, Lyricist: Tumelo Mokoena
Producer: Austin Kulani Baloyi
Producer: Themba Sekowe
Producer: Christopher Ejimet
Producer: Sipho Nicolas Nkabinde
Producer: Xolani Ledwaba

Auto-generated by YouTube.,https://i.ytimg.com/vi/5jh-RdF83TA/maxresdefault.jpg,Tyler ICU - Topic,19611658,183642,1713,392,6 Minutes, 32 Seconds,2023-04-27T22:00:03,https://www.youtube.com/watch?v=5jh-RdF83TA
Tsa Mandebele (feat. Ribby, Prince J & Faro Jr),Provided to YouTube by DistroKid

Tsa Mandebele (feat. Ribby, Prince J & Faro Jr) · Muzzy D Pilot · Mavuthela · Ribby · Prince J · Faro Jr

NEW ERA

℗ Matjita Entertainment & Way Up Music

Released on: 2024-03-25

Auto-generated by YouTube.,https://i.ytimg.com/vi/Cv0TxFKelnQ/maxresdefault.jpg,Muzzy D Pilot - Topic,6140,110,1,527,8 Minutes, 47 Seconds,2024-07-24T06:37:57,https://www.youtube.com/watch?v=Cv0TxFKelnQ
Do I (Remix),Provided to YouTube by EMPIRE Distribution

Do I (Remix) · Phyno · Burna Boy

Do I (Remix)

℗ 2023 Penthauze / Spaceship Ent.

Released on: 2023-12-19

Producer: Jaysynths
Composer: Jaysynths
Lyricist: Chibuzo Nelson Azubuike
Lyricist: Damini Ogulu

Auto-generated by YouTube.,https://i.ytimg.com/vi/b41mFPXJLWw/maxresdefault.jpg,Phyno - Topic,2026372,11787,137,139,2 Minutes, 19 Seconds,2023-12-19T23:09:50,https://www.youtube.com/watch?v=b41mFPXJLWw
Tshwala Bam (feat. S.N.E, EeQue),Provided to YouTube by TitoM

Tshwala Bam (feat. S.N.E, EeQue) · TitoM · Yuppe · S.N.E · EeQue

Tshwala Bam (feat. S.N.E, EeQue)

℗ 2024 TitoM

Featured Vocals: S.N.E
Author: S.N.E
Author: EeQue
Featured Vocals: EeQue
Author: S.N.E
Featured Vocals: S.N.E
Producer: Thato Mathobela
Producer: Yuppe
Composer: TitoM
Composer: Thato Mathobela
Composer: Yuppe
Composer: Thato Mathobela
Composer: TitoM
Composer: Yuppe

Auto-generated by YouTube.,https://i.ytimg.com/vi/5AeNGf4XAhM/maxresdefault.jpg, TitoM - Topic,15444624,185237,2029,390,6 Minutes, 30 Seconds,2024-02-22T10:02:17,https://www.youtube.com/watch?v=5AeNGf4XAhM
Forgive Our Trespasses (feat. Ceeka RSA),Provided to YouTube by Stena Academy

Forgive Our Trespasses (feat. Ceeka RSA) · Nandipha808 · Ceeka RSA

Rebound (feat. Ceeka RSA)

℗ 2023 Stena Academy

Producer: Ceeka RSA
Featured Vocals: Ceeka RSA
Producer: Nandipha808
Composer: Ceeka RSA

Auto-generated by YouTube.,https://i.ytimg.com/vi/nSIWbCYieUs/maxresdefault.jpg,Nandipha808 - Topic,509648,8964,124,461,7 Minutes, 41 Seconds,2023-09-15T23:24:12,https://www.youtube.com/watch?v=nSIWbCYieUs
Funk 99,Provided to YouTube by Kreativekornerr

Funk 99 · Shakes & Les · LeeMcKrazy

Funk Series

℗ 2024 Kreativekornerr

Producer: Shakes & Les

Auto-generated by YouTube.,https://i.ytimg.com/vi/hUijCjw5lxE/maxresdefault.jpg,Shakes & Les - Topic,5641316,74254,683,378,6 Minutes, 18 Seconds,2024-04-04T10:02:22,https://www.youtube.com/watch?v=hUijCjw5lxE
Elon Musk (Remix),Provided to YouTube by Dvpper Music

Elon Musk (Remix) · Shallipopi · Zlatan

Elon Musk

℗ 2023 Shallipopi / Dvpper Music

Composer: Fireboy DML
Composer: Shallipopi
Composer: Zlatan

Auto-generated by YouTube.,https://i.ytimg.com/vi/6wyOvdtC_PE/maxresdefault.jpg,Shallipopi - Topic,113883,637,8,181,3 Minutes, 1 Seconds,2023-07-24T18:45:34,https://www.youtube.com/watch?v=6wyOvdtC_PE
Bhebha,Provided to YouTube by Sound African Recordings

Bhebha · ShaunMusiq & Ftears · Xduppy · Myztro · Mellow & Sleazy · QuayR Musiq · Matuteboy

Bhebha

℗ 2023 South Africa - Sony Music Entertainment Africa (Pty) Ltd / Kgaday (Pty) Ltd

Released on: 2023-03-10

Associated  Performer: Shaunmusiq & Ftears x Xduppy feat. Myztro, Mellow & Sleazy, QuayR Musiq & Matuteboy
Composer, Lyricist: Gomolemo Joy Gumede
Composer, Lyricist: Oarabile Lehumo Mangaba
Producer: Shaun Tokollo Maseko
Producer: Ofentse Jason Mkhwebane
Producer: Tshiamiso Sekowe
Producer: Phemelo Sefanyetse
Producer: Olebogeng Kwanaite
Producer: Wilson Tseleng Mokweti

Auto-generated by YouTube.,https://i.ytimg.com/vi/kTchEH4c0wI/maxresdefault.jpg,Shaunmusiq & Ftears - Topic,8191383,87923,532,344,5 Minutes, 44 Seconds,2023-03-09T22:00:18,https://www.youtube.com/watch?v=kTchEH4c0wI
Throat,Provided to YouTube by The Orchard Enterprises

Throat · Gage · Ryan Douglas

Throat

℗ 2014 Picante Music / 21st Hapilos Digital

Released on: 2014-03-18

Producer: Kalonji D’Aguilar
Music Publisher: 21st Hapilos Digital Distribution
Music Publisher: BMI, Hapilos Entertainment
Music Publisher: ASCAP

Auto-generated by YouTube.,https://i.ytimg.com/vi/mkl5IwWlGuY/maxresdefault.jpg,Gage - Topic,8487682,106813,45,173,2 Minutes, 53 Seconds,2018-02-06T10:20:03,https://www.youtube.com/watch?v=mkl5IwWlGuY
Soke,Provided to YouTube by Spaceship Records

Soke · Burna Boy

On A Spaceship

℗ 2015 Spaceship Entertainment

Composer: Damini Ogulu

Auto-generated by YouTube.,https://i.ytimg.com/vi/i63DTvmJyFk/maxresdefault.jpg,Burna Boy - Topic,672227,5910,44,219,3 Minutes, 39 Seconds,2024-11-05T10:00:50,https://www.youtube.com/watch?v=i63DTvmJyFk
Uhh Yeahh,Provided to YouTube by EMPIRE Distribution

Uhh Yeahh · Asake

Lungu Boy

℗ 2024 YBNL Nation / EMPIRE

Released on: 2024-08-08

Producer: Sarz
Composer: Sarz
Lyricist: Ololade Ahmed

Auto-generated by YouTube.,https://i.ytimg.com/vi/amojDNZ_ZkY/maxresdefault.jpg,Asake - Topic,1490046,8799,127,205,3 Minutes, 25 Seconds,2024-08-08T23:04:12,https://www.youtube.com/watch?v=amojDNZ_ZkY
Celetronic Riddim,Provided to YouTube by ONErpm

Celetronic Riddim · Sarz · Osaretin Osabuohien

Sinym (Sarz Is Not Your Mate)

℗ 1789

Released on: 2019-01-18

Producer: Sarz

Auto-generated by YouTube.,https://i.ytimg.com/vi/g5pKp8brqn4/maxresdefault.jpg,Sarz - Topic,280642,3293,12,237,3 Minutes, 57 Seconds,2020-11-04T04:35:43,https://www.youtube.com/watch?v=g5pKp8brqn4
SAD GIRLZ LUV MONEY,Provided to YouTube by PLATOON LTD

SAD GIRLZ LUV MONEY · Amaarae · Moliy

THE ANGEL YOU DON'T KNOW

℗ 2020 Golden Child Entertainment Ltd

Released on: 2020-11-12

Producer: Onaduja Reuben Yinka
Music  Publisher: BMI
Composer  Lyricist: Molly Ama Montgomery
Composer  Lyricist: Ama Serwah Genfi

Auto-generated by YouTube.,https://i.ytimg.com/vi/iqB1OppQQaM/maxresdefault.jpg,Amaarae - Topic,7451606,98850,60,197,3 Minutes, 17 Seconds,2020-11-11T10:10:25,https://www.youtube.com/watch?v=iqB1OppQQaM
GWAGWALADA,Provided to YouTube by EMPIRE Distribution

GWAGWALADA · BNXN · Kizz Daniel · Seyi Vibez

GWAGWALADA

℗ 2023 T.Y.E. / EMPIRE

Released on: 2023-02-15

Producer: Sarz
Composer: Sarz
Lyricist: Daniel Benson
Lyricist: Oluwatobiloba Daniel Anidugbe
Lyricist: Seyi Vibez

Auto-generated by YouTube.,https://i.ytimg.com/vi/Znd76EWPKsk/maxresdefault.jpg,BNXN - Topic,10750647,46883,194,189,3 Minutes, 9 Seconds,2023-02-15T23:04:55,https://www.youtube.com/watch?v=Znd76EWPKsk
Terminator,Provided to YouTube by 5K Records Limited

Terminator · King Promise

Terminator

℗ 2023 under exclusive licence to 5K Records Limited / Sony Music Entertainment UK Limited

Released on: 2023-05-05

Engineer, Producer: Killbeatz
Composer, Lyricist: Joseph Addison
Mastering  Engineer, Mixing  Engineer: Chopz

Auto-generated by YouTube.,https://i.ytimg.com/vi/RdOFlMnOU4E/maxresdefault.jpg,King Promise - Topic,13775235,75539,448,235,3 Minutes, 55 Seconds,2023-05-04T10:03:40,https://www.youtube.com/watch?v=RdOFlMnOU4E
Bad To Me,Provided to YouTube by Starboy/RCA Records

Bad To Me · Wizkid

More Love, Less Ego

℗ 2022 Starboy Entertainment Ltd., under exclusive license to RCA Records

Released on: 2022-11-11

Composer, Lyricist: Ayodeji Ibrahim Balogun
Producer: P2J
Composer, Lyricist: Richard Isong
Additional  Studio  Producer: Sammy Soso
Mixing  Engineer: Leandro "Dro" Hidalgo
Composer, Lyricist: Samuel Awuku
Engineer: Sam Harper
Mastering  Engineer: Dale Becker
Assistant  Engineer: Noah McCorkle
Assistant  Engineer: Liam James Hidalgo

Auto-generated by YouTube.,https://i.ytimg.com/vi/hSmvlmIo0qg/maxresdefault.jpg,Wizkid - Topic,4036810,22684,88,179,2 Minutes, 59 Seconds,2022-11-10T23:09:43,https://www.youtube.com/watch?v=hSmvlmIo0qg
Tek Tek,Provided to YouTube by Avalon Music

Tek Tek · DYSTINCT · MHD · YAM

LAYALI

℗ 2023 Avalon Music

Released on: 2023-06-08

Associated  Performer: DYSTINCT, MHD, YAM
Composer: Yassine Alaoui Mdaghri
Composer: Joao Lima Pinto
Composer, Lyricist: Iliass Mansouri
Producer: Unleaded
Lyricist: Mohamed Sylla
Lyricist: Mbarek Nouali

Auto-generated by YouTube.,https://i.ytimg.com/vi/7hfncNkuhXc/maxresdefault.jpg,DYSTINCT - Topic,8706945,65635,0,162,2 Minutes, 42 Seconds,2023-06-08T22:04:23,https://www.youtube.com/watch?v=7hfncNkuhXc
Party No Dey Stop,Provided to YouTube by Universal Music Group

Party No Dey Stop · Adekunle Gold · Zinoleesky

Tequila Ever After

℗ 2023 Def Jam Recordings, a division of UMG Recordings, Inc.

Released on: 2023-07-28

Producer: Kel-P
Producer: Monro
Recordingarranger: Michael Bakare
Recording Engineer: Liz Robson
Recording Engineer: Zeus Ewarami-Yesin
Mixing Engineer: Jesse Ray Ernster
Composer Lyricist, Vocalist: Oladayo Olatunji
Mastering Engineer: Gerhard Westphalen
Composer Lyricist: Adekunle Kosoko
Composer Lyricist: Azeez Shina Oniyide
Composer Lyricist: Ross James
Composer Lyricist: Udoma Peter Kelvin Amba

Auto-generated by YouTube.,https://i.ytimg.com/vi/9tyrkNGnV2g/maxresdefault.jpg,Adekunle Gold - Topic,6534109,32994,171,169,2 Minutes, 49 Seconds,2023-07-27T10:04:25,https://www.youtube.com/watch?v=9tyrkNGnV2g
Lonely At The Top,Provided to YouTube by EMPIRE Distribution

Lonely At The Top · Asake

Work Of Art

℗ 2023 YBNL Nation / EMPIRE

Released on: 2023-06-15

Producer: BlaiseBeatz
Composer: BlaiseBeatz
Lyricist: Ololade Ahmed
Lyricist: Olamide Adedeji

Auto-generated by YouTube.,https://i.ytimg.com/vi/T4G5uTd72EM/maxresdefault.jpg,Asake - Topic,14600951,81356,663,158,2 Minutes, 38 Seconds,2023-06-15T23:04:41,https://www.youtube.com/watch?v=T4G5uTd72EM
Ojapiano,Provided to YouTube by ONErpm

Ojapiano · Kcee · Kingsley Okonkwo · Abbey Toyyib Elias

Ojapiano

℗ Five Star Music, Under Exclusive License to ONErpm

Released on: 2023-06-03

Producer: Jaysynths

Auto-generated by YouTube.,https://i.ytimg.com/vi/HlZgyqKCpR0/maxresdefault.jpg,KCEE - Topic,5801119,39504,481,169,2 Minutes, 49 Seconds,2023-06-02T11:57:57,https://www.youtube.com/watch?v=HlZgyqKCpR0
Dalie (feat. Baby S.O.N),Provided to YouTube by KAMO MPHELA ENTERTAINMENT

Dalie (feat. Baby S.O.N) · Kamo Mphela · Tyler ICU · Khalil Harrison · Baby S.O.N

Dalie (feat. Baby S.O.N)

℗ 2023 Kamo Mphela Entertainment

Featured Vocals: Baby S.O.N
Author: Kamo Mphela
Producer: Khalil Harrison
Author: Mxolisi Nkosi
Author: Phelela Gcwelumusa
Producer: Tyler ICU
Author: Ziphakeme Mathonsi
Composer: Kamo Mphela
Composer: Kamogelo Matona
Composer: Mxolisi Nkosi
Composer: Phelela Gcwelumusa
Composer: Ziphakeme Mathonsi

Auto-generated by YouTube.,https://i.ytimg.com/vi/psM4Ty3djT0/maxresdefault.jpg,Kamo Mphela - Topic,8774630,93026,931,281,4 Minutes, 41 Seconds,2023-10-11T13:00:48,https://www.youtube.com/watch?v=psM4Ty3djT0
Ye,Provided to YouTube by Bad Habit/On A Spaceship/Atlantic

Ye · Burna Boy

Outside

℗ Atlantic/Bad Habit/ Spaceship Records, ℗ 2018 Atlantic Recording Corporation

Vocals: Burna Boy
Mixing Engineer: Jake Gordon
Producer: Phantom
Writer: Damini Ogulu
Writer: Olaeya Ayobami Oladapo

Auto-generated by YouTube.,https://i.ytimg.com/vi/92L6abmW-_0/maxresdefault.jpg,Burna Boy - Topic,36123086,279185,224,232,3 Minutes, 52 Seconds,2018-01-26T18:24:51,https://www.youtube.com/watch?v=92L6abmW-_0
understand,Provided to YouTube by KeyQaad/Sire Records

understand · Omah Lay

Boy Alone

℗ 2021 KeyQaad / Sire Records

Masterer: Henkka Niemistö
Vocals: Omah Lay
Mixer: Ruuben
Mixer, Producer: Tempoe
Programming: Tempoe
Writer: Stanley Omah Didia
Writer: Michael Alagwu

Auto-generated by YouTube.,https://i.ytimg.com/vi/wNoCDGmMwf0/maxresdefault.jpg,Omah Lay - Topic,15436585,90382,129,175,2 Minutes, 55 Seconds,2022-07-14T23:08:32,https://www.youtube.com/watch?v=wNoCDGmMwf0
KANTE,Provided to YouTube by Columbia

KANTE · Davido · Fave

Timeless

℗ 2023 Davido Music Worldwide Limited under exclusive licence to Sony Music Entertainment UK Limited

Released on: 2023-03-30

Associated Performer: Davido feat. Fave
Producer: Damie
Engineer: DJZeus
Mastering Engineer, Mixing Engineer: Leandro 'Dro' Hidalgo
Composer, Lyricist: Jonn P
Mixing Engineer: Aidan Duncan
Composer, Lyricist: Aema
Mixing Engineer: Charles Harris
Mixing Engineer: Zac Cantor

Auto-generated by YouTube.,https://i.ytimg.com/vi/4IyUJ350oJs/maxresdefault.jpg,Davido - Topic,13459031,77629,687,195,3 Minutes, 15 Seconds,2023-03-30T23:01:00,https://www.youtube.com/watch?v=4IyUJ350oJs
Asiwaju,Provided to YouTube by Virgin Music Group

Asiwaju · Ruger

RU The World

℗ 2022 Jonzing World Entertainment under exclusive licence to Promised Land Records Limited

Released on: 2023-09-01

Writer: Michael Olayinka Adebayo

Auto-generated by YouTube.,https://i.ytimg.com/vi/eW5mMZMv12Y/maxresdefault.jpg,Ruger - Topic,12103494,82810,413,216,3 Minutes, 36 Seconds,2023-08-31T10:04:11,https://www.youtube.com/watch?v=eW5mMZMv12Y
PAMI,Provided to YouTube by EMPIRE Distribution

PAMI · Dj Tunez · Wizkid · Adekunle Gold · Omah Lay

PAMI (feat. Wizkid, Adekunle Gold & Omah Lay)

℗ 2020 Star Boy Entertainment

Released on: 2020-08-13

Producer: BLAISE BEATZ
Producer: Dj Tunez
Composer  Lyricist: ADEKUNLE GOLD
Composer  Lyricist: OMAH LAY
Composer  Lyricist: WIZKID

Auto-generated by YouTube.,https://i.ytimg.com/vi/edDTrJRgMxY/maxresdefault.jpg,DJ Tunez - Topic,5023976,28284,17,214,3 Minutes, 34 Seconds,2020-08-13T21:48:21,https://www.youtube.com/watch?v=edDTrJRgMxY
On the Low,Provided to YouTube by Spaceship/ Bad Habit/Atlantic Records

On the Low · Burna Boy

African Giant

℗ Atlantic/Bad Habit/ Spaceship Records, ℗ 2018 Atlantic Recording Corporation

Assistant Engineer: Aran Knight
Vocals: Burna Boy
Unknown: Cecil Bernardy
Mastering Engineer: Colin Leonard
Assistant Engineer: Harpaal Sanghera
Mixing Engineer: Jesse Ray Ernster
Assistant Engineer: Joseph Brice
Producer: Kel P
Programmer: Kel P
Assistant Engineer: Nicola Pulvirenti
Writer: Damini Ogulu
Writer: Kelvin Peters
Writer: Piriye Isokrari

Auto-generated by YouTube.,https://i.ytimg.com/vi/bySJmNM2fAk/maxresdefault.jpg,Burna Boy - Topic,9157594,62839,126,186,3 Minutes, 6 Seconds,2024-04-30T01:02:08,https://www.youtube.com/watch?v=bySJmNM2fAk
For My Hand (feat. Ed Sheeran),Provided to YouTube by Spaceship/ Bad Habit/Atlantic Records

For My Hand (feat. Ed Sheeran) · Burna Boy · Ed Sheeran

Love, Damini

℗ Spaceship/Bad Habit/Atlantic Records, ℗ 2022 Atlantic Recording Corporation

Featured Vocals: Ed Sheeran
Vocals: Burna Boy
Masterer: Gerhard Westphalen
A And R Administrator: Irene Sourlis
Unknown: Jake Jones
Mixer: Jesse Ray Ernster
Assistant Mixer: Joe Begalla
A& R Coordination: Matthew Baus
Assistant Mixer: Noah "MixGiant" Glassman
Producer, Recorded By: P2J
Assistant Mix Engineer: Paul Gutierrez
Programming, Recorded By: Ross Fortune
A& R Coordination: Spaceship Collective
Writer: Damini Ebunoluwa Ogulu
Writer: Ed Sheeran
Writer: Richard Isong

Auto-generated by YouTube.,https://i.ytimg.com/vi/_wwUs-KR9OU/maxresdefault.jpg,Burna Boy - Topic,3394373,26233,65,160,2 Minutes, 40 Seconds,2024-05-29T21:38:55,https://www.youtube.com/watch?v=_wwUs-KR9OU
Soundgasm,Provided to YouTube by Universal Music Group

Soundgasm · Rema

Calm Down

℗ 2021 Mavin Global Holdings Ltd

Released on: 2022-02-11

Co Producer: Dro
Co Producer: Shanti
Producer: London
Composer Lyricist: Divine Ikubor

Auto-generated by YouTube.,https://i.ytimg.com/vi/IpPcDG9Fw3o/maxresdefault.jpg,Rema - Topic,6703525,66846,113,205,3 Minutes, 25 Seconds,2022-02-10T23:01:46,https://www.youtube.com/watch?v=IpPcDG9Fw3o
Amapiano,Provided to YouTube by EMPIRE Distribution

Amapiano · Asake · Olamide

Work Of Art

℗ 2023 YBNL Nation / EMPIRE

Released on: 2023-06-15

Producer: Magicsticks
Composer: Magicsticks
Lyricist: Ololade Ahmed
Lyricist: Olamide Adedeji

Auto-generated by YouTube.,https://i.ytimg.com/vi/oLebazONOmM/maxresdefault.jpg,Asake - Topic,4366969,29223,109,165,2 Minutes, 45 Seconds,2023-06-15T23:02:13,https://www.youtube.com/watch?v=oLebazONOmM
Joro,Provided to YouTube by Starboy/RCA Records

Joro · Wizkid

Joro

℗ 2019 Starboy Entertainment Ltd., under exclusive license to RCA Records

Released on: 2019-09-30

Composer, Lyricist: Ayodeji Ibrahim Balogun
Background  Vocal: Aisa Renardus
Composer, Lyricist: Onozutu Ezra Enesi
Producer: Northboi
Recording  Engineer: Sam Harper
Mastering  Engineer, Mixing  Engineer: Stephen "StG" Abenga

Auto-generated by YouTube.,https://i.ytimg.com/vi/l45lgQJZWt0/maxresdefault.jpg,Wizkid - Topic,39472443,280060,372,263,4 Minutes, 23 Seconds,2019-09-30T20:55:03,https://www.youtube.com/watch?v=l45lgQJZWt0
Koroba,Provided to YouTube by Universal Music Group

Koroba · Tiwa Savage

Celia

℗ 2020 Universal Music (Pty) Ltd South Africa, Motown, Island Records

Released on: 2020-08-27

Vocals, Associated Performer, Composer Lyricist: Tiwa Savage
Producer: London
Producer, Composer Lyricist: Mystro
Composer Lyricist: London
Composer Lyricist: Vitoralli

Auto-generated by YouTube.,https://i.ytimg.com/vi/L_FOiJ8UsUY/maxresdefault.jpg,Tiwa Savage - Topic,3660261,28997,31,154,2 Minutes, 34 Seconds,2020-08-27T23:02:39,https://www.youtube.com/watch?v=L_FOiJ8UsUY
If,Provided to YouTube by Sony Music Entertainment International Limited

If · Davido

If

℗ 2017 Sony Music Entertainment International Limited

Released on: 2017-02-17

Composer, Lyricist: David Adeleke
Associated  Performer, Engineer, Mixing  Engineer, Producer: Tekno
Mastering  Engineer: Selebobo

Auto-generated by YouTube.,https://i.ytimg.com/vi/BvdSftWq1eY/maxresdefault.jpg,Davido - Topic,18639572,146999,354,238,3 Minutes, 58 Seconds,2017-02-16T23:02:20,https://www.youtube.com/watch?v=BvdSftWq1eY
Sip (Alcohol),Provided to YouTube by emPawa Africa

Sip (Alcohol) · Joeboy

Body & Soul

℗ 2021 emPawa Africa Limited

Released on: 2023-05-19

Producer: Tempoe
Mastering  Engineer: E Kelly
Mixing  Engineer: Oxygen Mix
Composer: Michael Chigozie Alagwu
Composer: Derick Obuobie Junior
Composer: Joseph Akinwale Akinfenwa-Donus

Auto-generated by YouTube.,https://i.ytimg.com/vi/4Akn5os57_g/maxresdefault.jpg,Joeboy - Topic,12804376,89132,429,159,2 Minutes, 39 Seconds,2023-05-18T23:01:32,https://www.youtube.com/watch?v=4Akn5os57_g
JUJU (feat. Shallipopi),Provided to YouTube by Virgin Music Group

JUJU (feat. Shallipopi) · Smur Lee · ODUMODUBLVCK · Shallipopi

JUJU (feat. Shallipopi)

℗ 2024 Native Records

Released on: 2024-08-22

Mixing Engineer: UCEE
A& R: Feyisola Kulupsy Ogunbanjo
Composer: Divine Loliya Princewill
Composer: Tochukwu Ojogwu
Composer: CrownUzama
Producer: Tory (Igberase Efoma Victory)

Auto-generated by YouTube.,https://i.ytimg.com/vi/m6b0LwnOxRM/maxresdefault.jpg,Smur Lee - Topic,3902952,28058,0,158,2 Minutes, 38 Seconds,2024-08-23T07:35:52,https://www.youtube.com/watch?v=m6b0LwnOxRM
BLOOD ON THE DANCE FLOOR,Provided to YouTube by Universal Music Group

BLOOD ON THE DANCE FLOOR · ODUMODUBLVCK · Bloody Civilian · Wale

BLOOD ON THE DANCE FLOOR

℗ 2023 ODUMODUBLVCK/NATIVE Records/Def Jam Recordings, a division of UMG Recordings, Inc.

Released on: 2023-10-05

Studio Personnel, Keyboards, Producer, Associated Performer, Recording Engineer: JIMOHSOUNDZ
Associated Performer, Producer, Keyboards: DEEPAHOLIQ
Studio Personnel, Mixer: Ucee
Vocalist, Associated Performer: Bloody Civilian
Associated Performer, Vocalist: Wale
Vocalist, Associated Performer: ODUMODUBLVCK
Studio Personnel, Mastering Engineer: Oscar Lo Brutto
A& R: Tunji Balogun
A& R: Kayode Badmus-Wellington
A& R: Teniola “Teezee” Zaccheaus
Composer Lyricist: Ojogwu Tochukwu
Composer Lyricist: Emmanuel Olaoluwa Jimoh
Composer Lyricist: Olubowale Victor Akintimehin
Composer Lyricist: Emoseh Khamofu
Composer Lyricist: Thabo Satekge

Auto-generated by YouTube.,https://i.ytimg.com/vi/wvX1565RswM/maxresdefault.jpg,ODUMODUBLVCK - Topic,5329717,27128,283,234,3 Minutes, 54 Seconds,2023-10-05T06:01:28,https://www.youtube.com/watch?v=wvX1565RswM
Big Flexa (feat. Sdida, Alfa Kat, Man T, C'buda M, Banaba Des),Provided to YouTube by Titch Gang Records

Big Flexa (feat. Sdida, Alfa Kat, Man T, C'buda M, Banaba Des) · Costa Titch · Sdida · Alfa Kat · Man T · C'buda M · Banaba Des

Mr Big Flexa

℗ Titch Gang Records

Released on: 2022-11-11

Producer: Sibusiso Mnyakeni
Producer: Sebuti Mohalanyane
Producer: Thando Tshabala
Composer: Sibusiso Mnyakeni
Composer: Sebuti Mohalanyane
Composer: Thando Tshabala
Composer: Constantinos Tsobanoglou
Lyricist: Constantinos Tsobanoglou

Auto-generated by YouTube.,https://i.ytimg.com/vi/4C6pgZBpwzo/maxresdefault.jpg,Costa Titch - Topic,3875260,29250,166,328,5 Minutes, 28 Seconds,2022-11-10T10:03:41,https://www.youtube.com/watch?v=4C6pgZBpwzo
MMS,Provided to YouTube by EMPIRE Distribution

MMS · Asake · Wizkid

Lungu Boy

℗ 2024 YBNL Nation / EMPIRE

Released on: 2024-08-08

Producer: P.Priime
Composer: P.Priime
Lyricist: Ololade Ahmed
Lyricist: Ayodeji Ibrahim Balogun

Auto-generated by YouTube.,https://i.ytimg.com/vi/X1JKJvlBUdU/maxresdefault.jpg,Asake - Topic,5076196,39347,838,220,3 Minutes, 40 Seconds,2024-08-08T23:03:50,https://www.youtube.com/watch?v=X1JKJvlBUdU
Drift,Provided to YouTube by Warner Records

Drift · Teejay

Drift

℗ 2023 Teejay under exclusive license to Warner Records Inc.

Producer: DJ MAC
Producer: PANDA
Producer: Topbraff Music
Recorded By: Kavin “Simpac Music” Henry
Mixer: Kavin “Simpac Music” Henry
Masterer: Nick “THE HIT MAN” Rice
A& R Manager: Reyna Press
A& R Manager: Steve "Steve-O" Carless
Executive Producer: Teejay
Executive Producer: Shaggy
Executive Producer: Sharon Burke
Executive Producer: Steve "Steve-O" Carless
Programmer: DJ MAC
Programmer: PANDA
Vocals: Teejay
Programmer: Topbraff Music
Writer: Timoy Jones
Writer: Yung Alpha
Writer: DJ Mac
Writer: Anthony Shaw

Auto-generated by YouTube.,https://i.ytimg.com/vi/Xj0BjCfMwTw/maxresdefault.jpg,Teejay - Topic,5128917,62106,174,164,2 Minutes, 44 Seconds,2023-06-29T17:39:14,https://www.youtube.com/watch?v=Xj0BjCfMwTw
Ngozi,Provided to YouTube by PLATOON LTD

Ngozi · Crayon · Ayra Starr

Trench to Triumph

℗ 2023 Mavin Global Holdings Ltd/Blowtime Entertainment

Released on: 2023-07-21

Producer: Sarz
Music  Publisher: Copyright Control
Music  Publisher: Warner-Chappell Music Publishing
Composer  Lyricist: Prince Oghenemine Omoferi
Composer  Lyricist: Oyinkansola Sarah Aderibigbe
Composer  Lyricist: Chibueze Charles Chukwu
Composer  Lyricist: Promise Ekpe
Composer  Lyricist: Jacob Hunter

Auto-generated by YouTube.,https://i.ytimg.com/vi/_BXo6OetVCs/maxresdefault.jpg,Crayon - Topic,11761357,69590,446,222,3 Minutes, 42 Seconds,2023-07-14T10:03:50,https://www.youtube.com/watch?v=_BXo6OetVCs
2 Sugar,Provided to YouTube by Starboy/RCA Records

2 Sugar · Wizkid · Ayra Starr

More Love, Less Ego

℗ 2022 Starboy Entertainment Ltd., under exclusive license to RCA Records

Released on: 2022-11-11

Associated  Performer: Wizkid feat. Ayra Starr
Composer, Lyricist: Ayodeji Ibrahim Balogun
Mixing  Engineer: Leandro Hidalgo
Mastering  Engineer: Dale Becker
Composer, Lyricist: Oyinkansola Sarah Aderibigbe
Assistant  Engineer: Noah McCorkle
Producer: P2J
Composer, Lyricist: Richard Isong
Assistant  Engineer: Hayden Duncan
Assistant  Engineer: Patrick Gardner
Recording  Engineer: Aidan Duncan
Recording  Engineer: Leandro "Dro" Hidalgo
Assistant  Engineer: Liam James Hidalgo

Auto-generated by YouTube.,https://i.ytimg.com/vi/npWhpSIriUc/maxresdefault.jpg,Wizkid - Topic,4623507,34441,79,188,3 Minutes, 8 Seconds,2022-11-10T23:04:55,https://www.youtube.com/watch?v=npWhpSIriUc
Charm,Provided to YouTube by Universal Music Group

Charm · Rema

Rave & Roses Ultra

℗ 2023 Mavin Global Holdings Ltd / Jonzing World Entertainment

Released on: 2023-04-27

Producer: London
Lyricist: Rema
Composer: Michael Hunter

Auto-generated by YouTube.,https://i.ytimg.com/vi/1iC_qB1pBbE/maxresdefault.jpg,Rema - Topic,11507459,89887,214,205,3 Minutes, 25 Seconds,2023-04-27T22:59:00,https://www.youtube.com/watch?v=1iC_qB1pBbE
Vibration,Provided to YouTube by EMPIRE Distribution

Vibration · Fireboy DML

Laughter, Tears & Goosebumps

℗ 2019 YBNL NATION

Released on: 2019-11-28

Auto-generated by YouTube.,https://i.ytimg.com/vi/T3GU95nSbQw/maxresdefault.jpg,Fireboy DML - Topic,15505454,76955,248,199,3 Minutes, 19 Seconds,2019-11-29T05:11:22,https://www.youtube.com/watch?v=T3GU95nSbQw
Shayimpempe,Provided to YouTube by DistroKid

Shayimpempe · Mavuthela · Swizz Panache · Ribby

Shayimpempe

℗ Charlie Sounds under exclusive license to CCA

Released on: 2021-05-08

Auto-generated by YouTube.,https://i.ytimg.com/vi/ZuU2meBhp08/maxresdefault.jpg, Mavuthela   - Topic,360207,4744,0,205,3 Minutes, 25 Seconds,2024-07-13T18:12:29,https://www.youtube.com/watch?v=ZuU2meBhp08
Ta Ta Ta,Provided to YouTube by PLATOON LTD

Ta Ta Ta · Bayanni

Bayanni

℗ 2022 Mavin Global Holdings

Released on: 2022-08-24

Producer: Prestige
Music  Publisher: Warner Chappel Music Publishing

Auto-generated by YouTube.,https://i.ytimg.com/vi/om_TRi4PN3g/maxresdefault.jpg,Bayanni - Topic,14619867,130104,323,160,2 Minutes, 40 Seconds,2022-08-23T10:04:23,https://www.youtube.com/watch?v=om_TRi4PN3g
yey,Provided to YouTube by Virgin Music Group

yey · uLazi · Infinity MusiQ

Nobody Can Stop Mguzu, Vol. 1

℗ 2023 Mguzuguzu Records

Released on: 2023-01-27

Composer: Kabelo Ramokgola
Writer: Llimondrey Ferreira

Auto-generated by YouTube.,https://i.ytimg.com/vi/o2E-izL24Dg/maxresdefault.jpg,uLazi - Topic,3993386,40414,181,382,6 Minutes, 22 Seconds,2023-01-26T10:03:12,https://www.youtube.com/watch?v=o2E-izL24Dg
Shake It To The Max (FLY),Provided to YouTube by Vydia

Shake It To The Max (FLY) · MOLIY · Silent Addy

Shake It To The Max (FLY)

℗ 2024 gamma.

Released on: 2024-12-03

Producer: Silent Addy
Producer: Disco Neil
Atmos  Mixing  Engineer: Dave Emery
Mixing  Engineer: Mark "Exit" Goodchild
Mastering  Engineer: Mark "Exit" Goodchild
Vocals: MOLIY
Composer: Molly Ama Montgomery
Composer: Adam Kevin Alexander
Composer: Neil Dyer

Auto-generated by YouTube.,https://i.ytimg.com/vi/9Jf8rfvjRbQ/maxresdefault.jpg,Moliy - Topic,2546915,50653,508,128,2 Minutes, 8 Seconds,2024-12-02T10:04:18,https://www.youtube.com/watch?v=9Jf8rfvjRbQ
Commas,Provided to YouTube by Universal Music Group

Commas · Ayra Starr

The Year I Turned 21

℗ 2024 Mavin Global Holdings Ltd, distributed by Republic Records and UMG Commercial Services

Released on: 2024-05-30

Producer: RAGEE
Additionalproducer: London
Additionalproducer: AOD
Recording Engineer: Johnny Drille
Composer Lyricist: Oyinkansola Sarah Aderibigbe
Composer Lyricist: Prince Omoferi
Composer: Nnaemeka Ikechukwu Clinton

Auto-generated by YouTube.,https://i.ytimg.com/vi/EGhP-XSIT8U/maxresdefault.jpg,Ayra Starr - Topic,6926575,52150,564,158,2 Minutes, 38 Seconds,2024-05-30T23:04:41,https://www.youtube.com/watch?v=EGhP-XSIT8U
PUSH 2 START,Provided to YouTube by FAX Records/Epic

PUSH 2 START · Tyla

TYLA +

℗ 2024 FAX Records, under exclusive license to Epic Records, a division of Sony Music Entertainment

Released on: 2024-10-11

Background Vocal, Producer: Sammy Soso
Background Vocal: Ari PenSmith
Background Vocal: Believve
Background Vocal: Mocha
Guitar: SJO
Composer, Lyricist: Tyla Seethal
Engineer, Recording Engineer: Ebenezer Maxwell
Composer, Lyricist: Imani Lewis
Recording Engineer: Oscar Cornejo
Composer, Lyricist: Corey Marlon Lindsay-Keay
Composer, Lyricist: Ariowa Irosogie
Engineer: Charlie Rolfe
Assistant Engineer: Aidan Duncan
Mixing Engineer: Leandro "Dro" Hidalgo
Composer, Lyricist: Samuel Awuku
Mastering Engineer: Colin Leonard
A& R Director: Ezekiel Lewis
Composer, Lyricist: James McCarthy
A& R Coordinator: Rebecca Torres

Auto-generated by YouTube.,https://i.ytimg.com/vi/K5FQ9IqAsIg/maxresdefault.jpg,Tyla - Topic,34162125,374313,2211,157,2 Minutes, 37 Seconds,2024-10-10T10:02:05,https://www.youtube.com/watch?v=K5FQ9IqAsIg
OZEBA,Provided to YouTube by Universal Music Group

OZEBA · Rema

HEIS

℗ 2024 Mavin Global Holdings Ltd / Jonzing World Entertainment, distributed by Interscope Records and UMG Commercial Services.

Released on: 2024-07-10

Vocalist, Producer: Rema
Mixing Engineer: Leandro "Dro" Hidalgo
Producer: London
Lyricist, Composer: Divine Ikubor
Composer: Michael Ovie Hunter

Auto-generated by YouTube.,https://i.ytimg.com/vi/LIhDklvBUyg/maxresdefault.jpg,Rema - Topic,6318295,62723,1346,138,2 Minutes, 18 Seconds,2024-07-10T23:04:44,https://www.youtube.com/watch?v=LIhDklvBUyg
POE,Provided to YouTube by EMPIRE Distribution

POE · Ruger · Bnxn

POE

℗ 2024 Blown Boy Ent. / T.Y.E / EMPIRE

Released on: 2024-04-10

Producer: Blaisebeatz
Composer: Blaisebeatz
Lyricist: Michael Adebayo Olayinka
Lyricist: Daniel Benson

Auto-generated by YouTube.,https://i.ytimg.com/vi/Z6QRPMvMuno/maxresdefault.jpg,Ruger - Topic,3937875,20084,170,206,3 Minutes, 26 Seconds,2024-04-10T23:04:50,https://www.youtube.com/watch?v=Z6QRPMvMuno
Pana,Provided to YouTube by Columbia

Pana · Tekno

Pana

℗ 2016 Columbia Records, a Division of Sony Music Entertainment

Released on: 2016-12-20

Composer, Lyricist, Mastering Engineer, Mixing Engineer, Recording Engineer: Augustine Miles Kelechi
Mastering Engineer, Mixing Engineer, Producer: Chris Alvin Sunday

Auto-generated by YouTube.,https://i.ytimg.com/vi/Uwb5nnE8ESk/maxresdefault.jpg,Tekno - Topic,16214858,115055,396,243,4 Minutes, 3 Seconds,2017-01-28T01:22:53,https://www.youtube.com/watch?v=Uwb5nnE8ESk
Funds,Provided to YouTube by Columbia

Funds · Davido · ODUMODUBLVCK · Chike

Funds

℗ 2024 Davido Music Worldwide Limited under exclusive licence to Sony Music Entertainment UK Limited

Released on: 2024-12-05

Associated Performer: Davido feat. ODUMODUBLVCK & Chike
Guitar: Promise Aroninuola
Producer: Ucee
Additional Production, Engineer: Marvey Musique
Mastering Engineer, Mixing Engineer: Dro
Additional Studio Producer: Aidan Duncan
Composer, Lyricist: Mizzle
Composer, Lyricist: Chicco Sello Twala

Auto-generated by YouTube.,https://i.ytimg.com/vi/Q1L8K_LvGYQ/maxresdefault.jpg,Davido - Topic,5248120,44512,1945,207,3 Minutes, 27 Seconds,2024-12-05T23:02:24,https://www.youtube.com/watch?v=Q1L8K_LvGYQ
Bloody Samaritan,Provided to YouTube by PLATOON LTD

Bloody Samaritan · Ayra Starr

19 & Dangerous

℗ 2022 Mavin Global Holdings

Released on: 2021-08-06

Producer: London
Producer: Dylan Graham
Co Producer: Jason Kempen
Music  Publisher: Mavin Records
Composer  Lyricist: Oluwadamilare Aderibigbe
Composer  Lyricist: Prince Omoferi

Auto-generated by YouTube.,https://i.ytimg.com/vi/VhRLg7itI3M/maxresdefault.jpg,Ayra Starr - Topic,5531683,59681,111,187,3 Minutes, 7 Seconds,2021-08-05T23:08:43,https://www.youtube.com/watch?v=VhRLg7itI3M
Jagele,Provided to YouTube by Spaceship/ Bad Habit/Atlantic Records

Jagele · Burna Boy

Love, Damini

℗ Spaceship/Bad Habit/Atlantic Records, ℗ 2022 Atlantic Recording Corporation

Vocals: Burna Boy
Masterer: Gerhard Westphalen
A And R Administrator: Irene Sourlis
Unknown: Jake Jones
Mixer: Jesse Ray Ernster
Assistant Mixer: Joe Begalla
Producer, Recorded By: Kel-P
A& R Coordination: Matthew Baus
Assistant Mixer: Noah "MixGiant" Glassman
Assistant Mastering Engineer: Paul Gutierrez
A& R Coordination: Spaceship Collective
Writer: Damini Ebunoluwa Ogulu
Writer: Kelvin Peters

Auto-generated by YouTube.,https://i.ytimg.com/vi/rWivK_NSvpY/maxresdefault.jpg,Burna Boy - Topic,286010,2347,9,183,3 Minutes, 3 Seconds,2024-05-29T21:38:55,https://www.youtube.com/watch?v=rWivK_NSvpY
Mad Over You,Provided to YouTube by Symphonic Distribution

Mad Over You · Runtown · Runtown

AfroBeat,Vol.14

℗ 2017 Edega Entertainment

Released on: 2017-06-16

Auto-generated by YouTube.,https://i.ytimg.com/vi/WkDDfk-cnHo/maxresdefault.jpg,Runtown - Topic,742855,4385,33,218,3 Minutes, 38 Seconds,2020-02-25T20:02:51,https://www.youtube.com/watch?v=WkDDfk-cnHo
Fall,Provided to YouTube by Columbia

Fall · Davido

A Good Time

℗ 2017 Sony Music Entertainment International Limited

Released on: 2019-11-22

Composer, Lyricist: David Adeleke
Composer, Lyricist: Ayoola 'Kiddominant' Agboola
Background  Vocal, Drums, Guitar, Keyboards, Producer, Programmer: Kiddominant
Mastering  Engineer, Mixing  Engineer: Selebobo

Auto-generated by YouTube.,https://i.ytimg.com/vi/8NpKOAhxDXs/maxresdefault.jpg,Davido - Topic,17189742,138795,295,240,4 Minutes, 0 Seconds,2019-11-21T10:29:00,https://www.youtube.com/watch?v=8NpKOAhxDXs
Laho II,Provided to YouTube by Since 93

Laho II · Shallipopi · Burna Boy

Laho II

℗ 2025 Since 93 under exclusive licence from Plutomania Records Ltd

Released on: 2025-04-25

Associated Performer: Shallipopi & Burna Boy
Composer, Lyricist: Crown Uzama
Engineer, Producer: Progrex
Composer, Lyricist: Dwills Harmony
Mixing Engineer: Dro
Composer, Lyricist: Damini Ogulu
Mastering Engineer: Junior Osei-Agyepong

Auto-generated by YouTube.,https://i.ytimg.com/vi/AfKf-cN-sRc/maxresdefault.jpg,Shallipopi - Topic,1501106,25930,758,158,2 Minutes, 38 Seconds,2025-04-24T10:40:49,https://www.youtube.com/watch?v=AfKf-cN-sRc
Kese (Dance),Provided to YouTube by Starboy/RCA Records

Kese (Dance) · Wizkid

Morayo

℗ 2024 RCA Records, under exclusive license from Starboy Entertainment Ltd.

Released on: 2024-11-22

Composer, Lyricist: Ayodeji Ibrahim Balogun
Saxophone: Marco Bernardis
Guitar: Gaetan Judd
Composer, Lyricist: Richard Isong
Producer: P2J
Engineer, Mixing  Engineer: Sam Harper
Mastering  Engineer: Dale Becker
Assistant  Engineer: Adam Burt
Assistant  Engineer: Noah McCorkle
Assistant  Engineer: Brandon Hernandez
Drums: Moses Olukayode

Auto-generated by YouTube.,https://i.ytimg.com/vi/hCR54DuQoBM/maxresdefault.jpg,Wizkid - Topic,2508145,15814,255,175,2 Minutes, 55 Seconds,2024-11-21T10:01:45,https://www.youtube.com/watch?v=hCR54DuQoBM
Ma Lo,Provided to YouTube by TuneCore

Ma Lo · Tiwa Savage · Wizkid · Spellz

Sugarcane

℗ 2017 Mavin Records/ 323 Entertainment

Released on: 2017-09-22

Auto-generated by YouTube.,https://i.ytimg.com/vi/VdCjMGeMhaM/maxresdefault.jpg,Tiwa Savage - Topic,5946239,38710,19,183,3 Minutes, 3 Seconds,2018-09-26T13:23:17,https://www.youtube.com/watch?v=VdCjMGeMhaM
Ginger,Provided to YouTube by Starboy/RCA Records

Ginger · Wizkid · Burna Boy

Made In Lagos

℗ 2020 Starboy Entertainment Ltd., under exclusive license to RCA Records

Released on: 2020-10-29

Associated  Performer: Wizkid feat. Burna Boy
Composer, Lyricist: Ayodeji Ibrahim Balogun
Producer: P2J
Unknown: Kel P
Composer, Lyricist: Richard Isong
Engineer: Sam Harper
Composer, Lyricist: Peter Kelvin Amba Udoma
Composer, Lyricist: Damini Ebunoluwa Ogulu

Auto-generated by YouTube.,https://i.ytimg.com/vi/gbPN6Nsenis/maxresdefault.jpg,Wizkid - Topic,9631054,62902,58,197,3 Minutes, 17 Seconds,2020-10-29T23:12:00,https://www.youtube.com/watch?v=gbPN6Nsenis
Tested, Approved & Trusted,Provided to YouTube by Spaceship/ Bad Habit/Atlantic Records

Tested, Approved & Trusted · Burna Boy

I Told Them...

℗ 2023 Atlantic Recording Corporation

Producer: Adrian X
Masterer: Gerhard Westphalen
A And R Administrator: Irene Sourlis
Legal Representative: Jeremy Kaplan
Mixer: Jesse Ray Ernster
A& R Direction: Matthew Baus Adesuyan
Recorded By: Otis Millstone
Saxophone: Samson “Bishop” Olaniyan
Legal Representative: Wale Kalejaiye
Producer: Yeti Beats
Writer: Damini Ebunoluwa Ogulu
Writer: David Sprecher
Writer: Soraya Lapread
Writer: Adrian Eccleston

Auto-generated by YouTube.,https://i.ytimg.com/vi/QnaL31BTjdU/maxresdefault.jpg,Burna Boy - Topic,10835994,91932,255,221,3 Minutes, 41 Seconds,2023-08-25T03:27:22,https://www.youtube.com/watch?v=QnaL31BTjdU
Last Last,Provided to YouTube by Spaceship/ Bad Habit/Atlantic Records

Last Last · Burna Boy

Love, Damini

℗ Spaceship/Bad Habit/Atlantic Records, ℗ 2022 Atlantic Recording Corporation

Background Vocals: Akerele Samson
Background Vocals: Asake
Vocals: Burna Boy
Producer, Recorded By: Chopstix
Masterer: Gerhard Westphalen
A And R Administrator: Irene Sourlis
Unknown: Jake Jones
Mixer: Jesse Ray Ernster
Background Vocals: Kwande Bawa
Producer: MDS
A& R Coordination: Matthew Baus
Assistant Mixer: Noah "MixGiant" Glassman
Producer: Off & Out
Background Vocals: Olusola Ogundipo
Assistant Mix Engineer: Paul Gutierrez
Producer: Ruuben
A& R Coordination: Spaceship Collective
Writer: Damini Ebunoluwa Ogulu
Writer: Fred Jerkins III
Writer: Harvey Mason Jr.
Writer: James Malcolm Olagundoye
Writer: Lashawn Daniels
Writer: Mikael Haataja
Writer: Robert Laukkanen
Writer: Rodney Jerkins
Writer: Samuel Haataja
Writer: Santeri Kauppinen

Auto-generated by YouTube.,https://i.ytimg.com/vi/en2tMCr3jlk/maxresdefault.jpg,Burna Boy - Topic,37541039,286863,439,173,2 Minutes, 53 Seconds,2022-07-07T23:03:40,https://www.youtube.com/watch?v=en2tMCr3jlk
Kontrol,Provided to YouTube by IIP-DDS

Kontrol · Maleek Berry

Kontrol

℗ Berry's Room

Released on: 2016-05-09

Composer, Lyricist: Maleek Shoyebi

Auto-generated by YouTube.,https://i.ytimg.com/vi/0gFO3lEqfHs/maxresdefault.jpg,Maleek Berry - Topic,3729028,24085,36,207,3 Minutes, 27 Seconds,2024-02-14T21:29:58,https://www.youtube.com/watch?v=0gFO3lEqfHs
Juice,Provided to YouTube by Revelator Ltd.

Juice · YCEE · Maleek Berry

The First Wave

℗ 2017 Tinny Entertainment

Released on: 2017-04-07

Music  Publisher: Copyright Control
Arranger: Timilehin Arokodare
Composer: Alejo Oludemilade

Auto-generated by YouTube.,https://i.ytimg.com/vi/OXT74ZqTs6g/maxresdefault.jpg,Ycee - Topic,13574106,86427,185,257,4 Minutes, 17 Seconds,2021-10-07T17:01:26,https://www.youtube.com/watch?v=OXT74ZqTs6g
High,Provided to YouTube by PLATOON LTD

High · Adekunle Gold · Davido

Catch Me If You Can

℗ 2022 Afro Urban Records

Released on: 2022-02-04

Producer: Pheelz
Mixer: Vtek
Music  Publisher: PRS
Composer  Lyricist: Davido

Auto-generated by YouTube.,https://i.ytimg.com/vi/AQQifhyTPEs/maxresdefault.jpg,Adekunle Gold - Topic,8883881,41784,78,194,3 Minutes, 14 Seconds,2022-01-26T00:41:07,https://www.youtube.com/watch?v=AQQifhyTPEs
Lo Lo,Provided to YouTube by KeyQaad/Sire Records

Lo Lo · Omah Lay

Get Layd

℗ 2020 KeyQaad under exclusive license to Sire Records

Guitar: Abel-Lead-Us
Producer: Omah Lay
Vocals: Omah Lay
Masterer, Mixer: Swaps
Writer: Stanley Omah Didia

Auto-generated by YouTube.,https://i.ytimg.com/vi/eSe2oFr36r4/maxresdefault.jpg,Omah Lay - Topic,6299621,41335,47,172,2 Minutes, 52 Seconds,2020-08-25T01:53:03,https://www.youtube.com/watch?v=eSe2oFr36r4
Shayimpempe,Provided to YouTube by Virgin Music Group

Shayimpempe · Mavuthela · Swizz Panache · Ribby

Shayimpempe

℗ 2021 EL PANACHE under exclusive license to CCA

Released on: 2021-05-07

Composer: Geofrey Zwane
Composer: Samkelo Mahlomola
Composer: Simphiwe Dlamini
Composer: Simphiwe Kubheka

Auto-generated by YouTube.,https://i.ytimg.com/vi/HsLieYE4ZTY/maxresdefault.jpg, Mavuthela   - Topic,1509538,13795,0,256,4 Minutes, 16 Seconds,2021-12-07T09:12:11,https://www.youtube.com/watch?v=HsLieYE4ZTY
Soh-Soh,Provided to YouTube by The Orchard Enterprises

Soh-Soh · Odeal · Jayman · Joshua Oxley · PD · Randay

Sunday At Zuri's

℗ 2024 OVMBR/LVRN Records (Love Renaissance)

Released on: 2024-07-05

Producer: PD
Producer: Randay

Auto-generated by YouTube.,https://i.ytimg.com/vi/5Ey7DGqjmVg/maxresdefault.jpg,Odeal - Topic,1222711,16022,60,185,3 Minutes, 5 Seconds,2024-11-01T00:18:13,https://www.youtube.com/watch?v=5Ey7DGqjmVg
